"name","gender","address","interest","hobbies"
"123456 gchnvcbgn","male","ghnbvgjkmhyg","backend","reading"
"xdgbfd fdghbtfdjhun","male","fgdfhcnjgc","machine learning","playing,singing"
"ravi cfghbfcbnf","male","ghfdcbygcd","backend","playing,singing"
"cfhngxfjhn fdhgbfxjdnm","male","hbgfcjng","frontend","playing,singing"
"ghjcfgvju gfhgtfdujhfd","male","gfjhngfju","machine learning","singing,reading"
"ravi gfjhfvkmc","female","chcvbngcnjg","backend","singing,reading"
"last3 last surname","female","sdgbfdxvhgcd","backend","singing,reading"
"cfvhngvj cvhbngbn","female","vhbngcfvbjhng","backend","playing,singing"
"xyz ljsdgfmfc ","male","dxzgcfdhvgcd","backend","playing,singing"
"xyz kljadstfo","female","szdfsdxg","machine learning","playing,singing"
"xyzuser surname","male","adress xyz","backend","playing,singing"